stage,sample,wall_ms,game_ms,render_ms,draw_calls,process_bytes,world_actors,parcels,instances,batches
8,1,6.7832,1.6290,6.4635,259,4685660160,77,1,3,3
8,2,5.8006,1.5029,5.9120,241,4685660160,77,1,3,3
8,3,6.3440,1.6259,5.9145,241,4685660160,77,1,3,3
8,4,6.5294,2.2036,6.4608,254,4685660160,77,1,3,3
8,5,5.7468,1.9526,5.8299,241,4685668352,77,1,3,3
8,6,7.5975,2.0593,7.0273,279,4685692928,77,1,3,3
8,7,3.9800,2.5036,4.6852,279,4685705216,77,1,3,3
8,8,5.7632,1.7086,5.8324,239,4685709312,77,1,3,3
8,9,6.0650,1.6270,6.0865,240,4685717504,77,1,3,3
8,10,6.7380,1.7714,6.3085,240,4686536704,77,1,3,3
8,11,5.7342,2.1497,6.1578,256,4685729792,77,1,3,3
8,12,6.0029,1.5052,5.8850,240,4685729792,77,1,3,3
8,13,5.2413,1.7473,5.5811,257,4685729792,77,1,3,3
8,14,6.0573,1.3695,6.0277,277,4685729792,77,1,3,3
8,15,6.0071,1.5835,5.7314,240,4685729792,77,1,3,3
8,16,6.8660,1.6766,6.5397,240,4685729792,77,1,3,3
8,17,5.5281,2.1058,5.7952,254,4685729792,77,1,3,3
8,18,5.6632,1.5461,5.9167,240,4685729792,77,1,3,3
8,19,6.3310,1.6040,6.1736,240,4685729792,77,1,3,3
8,20,5.8509,1.5400,5.9539,302,4685729792,77,1,3,3
8,21,6.3839,1.7057,6.0955,240,4685729792,77,1,3,3
8,22,5.7012,1.5504,5.9677,240,4685729792,77,1,3,3
8,23,5.5443,1.4600,5.5965,254,4685729792,77,1,3,3
8,24,6.8452,1.6846,6.5448,240,4685729792,77,1,3,3
8,25,6.1656,1.5166,6.0558,240,4685729792,77,1,3,3
8,26,4.7984,1.7498,5.1805,302,4685729792,77,1,3,3
8,27,6.8411,1.6082,6.4666,241,4685729792,77,1,3,3
8,28,5.4728,1.6339,5.6670,240,4685729792,77,1,3,3
8,29,5.9686,1.6413,5.8827,255,4685729792,77,1,3,3
8,30,6.1558,1.5011,6.2644,240,4685729792,77,1,3,3
8,31,5.9454,1.5803,5.8602,241,4685729792,77,1,3,3
8,32,5.7190,1.4277,5.9365,302,4685729792,77,1,3,3
8,33,6.0196,1.4776,5.8318,240,4685729792,77,1,3,3
8,34,6.5861,1.6420,6.3813,241,4685729792,77,1,3,3
8,35,5.9157,1.5061,6.1131,254,4685729792,77,1,3,3
8,36,5.9047,1.5348,5.9524,240,4685729792,77,1,3,3
8,37,6.2961,1.6027,6.0060,240,4685729792,77,1,3,3
8,38,5.8833,1.5368,6.1767,302,4685729792,77,1,3,3
8,39,5.4000,1.4425,5.4144,241,4685729792,77,1,3,3
8,40,7.0493,1.5654,6.7581,241,4685729792,77,1,3,3
8,41,5.2052,1.7267,5.2118,254,4685729792,77,1,3,3
8,42,5.7842,1.5487,5.9504,241,4685729792,77,1,3,3
8,43,5.8683,1.4670,5.8539,240,4685729792,77,1,3,3
8,44,6.5385,1.6787,6.3131,302,4685729792,77,1,3,3
8,45,5.8627,1.5359,5.9087,240,4685729792,77,1,3,3
8,46,6.4914,1.7058,6.4406,240,4685729792,77,1,3,3
8,47,6.5115,1.8797,6.2651,254,4685729792,77,1,3,3
8,48,6.7563,1.7777,6.7871,240,4685729792,77,1,3,3
8,49,4.9225,1.9770,4.7490,240,4685729792,77,1,3,3
8,50,5.1932,1.7209,5.6235,302,4685729792,77,1,3,3
8,51,7.1107,1.7216,6.6755,240,4685729792,77,1,3,3
8,52,5.7820,2.0107,6.0927,240,4685729792,77,1,3,3
8,53,5.6122,1.7427,5.4813,254,4685729792,77,1,3,3
8,54,6.8531,1.8788,6.3699,241,4685733888,77,1,3,3
8,55,5.8172,2.1739,5.9430,240,4685733888,77,1,3,3
8,56,5.7850,2.1415,6.1235,303,4685733888,77,1,3,3
8,57,7.7137,1.6603,7.6961,240,4685733888,77,1,3,3
8,58,4.2762,1.7234,4.4461,240,4685733888,77,1,3,3
8,59,6.2702,1.5452,6.0322,254,4685733888,77,1,3,3
8,60,7.9230,2.2033,7.1924,240,4685733888,77,1,3,3
8,61,5.1344,2.2277,6.0436,240,4685737984,77,1,3,3
8,62,5.4628,1.5993,5.4876,303,4685737984,77,1,3,3
8,63,6.4398,1.6143,5.8777,240,4685742080,77,1,3,3
8,64,5.5763,1.9921,6.0167,240,4685742080,77,1,3,3
8,65,6.0735,1.5978,5.8308,255,4685742080,77,1,3,3
8,66,5.9648,2.0414,6.2103,240,4685742080,77,1,3,3
8,67,6.5794,1.5932,6.2396,240,4685742080,77,1,3,3
8,68,5.8702,2.0012,6.1474,302,4685742080,77,1,3,3
8,69,5.7503,1.6183,5.8423,241,4685742080,77,1,3,3
8,70,6.8936,1.9381,6.0712,240,4685742080,77,1,3,3
8,71,5.3382,2.1835,5.9330,254,4685742080,77,1,3,3
8,72,6.6102,1.5803,6.6472,240,4685742080,77,1,3,3
8,73,4.7236,1.7017,4.8122,240,4685742080,77,1,3,3
8,74,6.7005,1.7704,6.7260,302,4685742080,77,1,3,3
8,75,6.5719,1.5767,6.1042,240,4685742080,77,1,3,3
8,76,4.7054,1.8713,5.3887,240,4685742080,77,1,3,3
8,77,6.3364,1.5370,6.0834,254,4685742080,77,1,3,3
8,78,7.3125,1.6110,6.7071,240,4685742080,77,1,3,3
8,79,4.6016,2.1872,5.2067,240,4685742080,77,1,3,3
8,80,6.5258,1.7291,5.9632,302,4685742080,77,1,3,3
8,81,5.9900,2.1210,6.3970,240,4685742080,77,1,3,3
8,82,5.3869,1.5783,5.5941,241,4685742080,77,1,3,3
8,83,6.5424,1.5554,6.0446,254,4685742080,77,1,3,3
8,84,6.8901,2.1892,7.0489,240,4685742080,77,1,3,3
8,85,5.0251,1.6044,5.2427,241,4685742080,77,1,3,3
8,86,6.6415,1.6986,6.2159,302,4685742080,77,1,3,3
8,87,6.0728,2.0870,6.0577,240,4685742080,77,1,3,3
8,88,5.6646,1.8489,6.1062,240,4685742080,77,1,3,3
8,89,5.9900,1.6287,5.6388,254,4685742080,77,1,3,3
8,90,7.5219,1.9386,7.0554,240,4685742080,77,1,3,3
8,91,4.3116,2.3415,5.0826,240,4685742080,77,1,3,3
8,92,5.8794,1.5578,5.8996,302,4685742080,77,1,3,3
8,93,5.8960,1.4539,5.9138,240,4685742080,77,1,3,3
8,94,6.3302,1.6916,6.1455,240,4685742080,77,1,3,3
8,95,5.6683,1.5225,5.8414,254,4685742080,77,1,3,3
8,96,6.1711,1.3815,6.2526,240,4685742080,77,1,3,3
8,97,6.3903,1.4771,6.2134,240,4685742080,77,1,3,3
8,98,5.3299,1.5201,5.4162,302,4685742080,77,1,3,3
8,99,6.0214,1.4653,6.0110,240,4685742080,77,1,3,3
8,100,6.3503,1.6343,6.0412,241,4685742080,77,1,3,3
8,101,5.9147,1.6265,5.9863,254,4685742080,77,1,3,3
8,102,5.6482,1.5837,5.8722,240,4685742080,77,1,3,3
8,103,5.7149,1.4786,5.6389,240,4685742080,77,1,3,3
8,104,6.1160,1.4682,6.1044,302,4685742080,77,1,3,3
8,105,6.0677,1.5992,5.8920,240,4685742080,77,1,3,3
8,106,5.7685,1.6559,5.7345,241,4685742080,77,1,3,3
8,107,6.6119,1.7660,6.5322,254,4685742080,77,1,3,3
8,108,5.8066,1.5840,5.9675,240,4685742080,77,1,3,3
8,109,5.1776,1.4345,5.3524,240,4685742080,77,1,3,3
8,110,6.2332,1.4901,6.0462,302,4685742080,77,1,3,3
8,111,6.1464,1.6892,6.0388,240,4685742080,77,1,3,3
8,112,5.9563,1.6671,5.9076,240,4685742080,77,1,3,3
8,113,5.9603,1.7102,5.9858,254,4685742080,77,1,3,3
8,114,6.8069,1.6632,6.7368,240,4685742080,77,1,3,3
8,115,5.0339,1.6228,5.1336,240,4685742080,77,1,3,3
8,116,5.4020,1.4917,5.6294,302,4685742080,77,1,3,3
8,117,7.2461,1.7587,6.4669,240,4685746176,77,1,3,3
8,118,5.4221,1.9468,5.9729,240,4685746176,77,1,3,3
8,119,6.1022,1.6104,6.0227,254,4685746176,77,1,3,3
8,120,7.4174,1.8172,6.4750,240,4685746176,77,1,3,3
8,121,4.6077,2.6215,5.3789,240,4685746176,77,1,3,3
8,122,5.7836,1.6074,6.0109,302,4685746176,77,1,3,3
8,123,6.2995,1.7231,6.0983,240,4685746176,77,1,3,3
8,124,7.3362,1.6733,7.0396,240,4685746176,77,1,3,3
8,125,5.4203,2.1493,5.6742,254,4685750272,77,1,3,3
8,126,6.5049,1.8834,6.0454,240,4685750272,77,1,3,3
8,127,5.0487,2.0513,5.5908,240,4685750272,77,1,3,3
8,128,6.1935,1.6534,6.1337,302,4685750272,77,1,3,3
8,129,5.9302,1.6898,5.8792,240,4685750272,77,1,3,3
8,130,7.7651,1.9921,6.9751,254,4685750272,77,1,3,3
8,131,6.3594,2.4428,6.4685,240,4685750272,77,1,3,3
8,132,5.1212,2.2632,5.1565,240,4685750272,77,1,3,3
8,133,5.8770,2.2098,6.1902,240,4685750272,77,1,3,3
8,134,7.2148,1.9691,6.8734,240,4685750272,77,1,3,3
8,135,5.9233,2.2607,6.3019,240,4685750272,77,1,3,3
8,136,4.4881,1.8305,4.3407,240,4685754368,77,1,3,3
8,137,7.5526,2.0813,7.6373,240,4686147584,77,1,3,3
8,138,4.2672,1.7559,4.5783,240,4686147584,77,1,3,3
8,139,6.5968,1.6697,6.0737,240,4686147584,77,1,3,3
8,140,6.5353,2.1373,6.4171,303,4686340096,77,1,3,3
8,141,5.4773,2.2500,5.8360,240,4686340096,77,1,3,3
8,142,5.6185,1.6100,5.8325,240,4686471168,77,1,3,3
8,143,6.6125,1.7058,6.0366,254,4686471168,77,1,3,3
8,144,7.1513,2.2315,7.0490,240,4686471168,77,1,3,3
8,145,6.2557,2.0717,6.1897,302,4686471168,77,1,3,3
8,146,5.0043,2.4831,5.1564,302,4686471168,77,1,3,3
8,147,6.6717,2.2521,6.5308,240,4686471168,77,1,3,3
8,148,4.9010,2.2432,5.4684,240,4686471168,77,1,3,3
8,149,6.7719,1.7431,6.3703,254,4686471168,77,1,3,3
8,150,7.1336,2.1334,7.0386,240,4686471168,77,1,3,3
8,151,5.7149,2.2374,5.6469,302,4686471168,77,1,3,3
8,152,5.5067,2.2236,5.4917,302,4686471168,77,1,3,3
8,153,5.6028,2.3840,5.9421,240,4686471168,77,1,3,3
8,154,5.7976,1.8358,5.4892,240,4686471168,77,1,3,3
8,155,7.4157,2.1657,6.9650,241,4686471168,77,1,3,3
8,156,4.6133,2.6884,5.5178,241,4686471168,77,1,3,3
8,157,7.0200,1.8291,6.4893,302,4686471168,77,1,3,3
8,158,4.9113,2.2300,5.4393,302,4686471168,77,1,3,3
8,159,6.3972,1.6744,6.4123,242,4686471168,77,1,3,3
8,160,5.6969,1.7773,5.1823,241,4686471168,77,1,3,3
8,161,6.4052,2.1910,6.4441,254,4686471168,77,1,3,3
8,162,6.0312,1.9745,6.1968,240,4686471168,77,1,3,3
8,163,5.7623,2.0757,5.4002,241,4686471168,77,1,3,3
8,164,5.8117,2.2958,6.3616,303,4686471168,77,1,3,3
8,165,7.3828,1.6714,7.0290,241,4686471168,77,1,3,3
8,166,4.9004,2.1506,5.0747,241,4686471168,77,1,3,3
8,167,6.1276,1.9133,6.1697,254,4686471168,77,1,3,3
8,168,6.4231,1.6319,6.2308,240,4686471168,77,1,3,3
8,169,4.3918,1.8466,4.9194,240,4686471168,77,1,3,3
8,170,6.3957,1.5831,6.2390,303,4686471168,77,1,3,3
8,171,5.9784,1.4933,5.9700,240,4686471168,77,1,3,3
8,172,6.6054,1.8020,6.3362,241,4686471168,77,1,3,3
8,173,6.1145,1.6408,5.8813,254,4686471168,77,1,3,3
8,174,7.1831,2.1582,6.8946,241,4686471168,77,1,3,3
8,175,4.6848,2.2328,5.0468,241,4686471168,77,1,3,3
8,176,7.9953,2.1419,7.3086,240,4686471168,77,1,3,3
8,177,4.8603,2.4194,5.3890,240,4686471168,77,1,3,3
8,178,5.4107,2.0267,5.4892,240,4686471168,77,1,3,3
8,179,5.6779,1.9333,5.7966,254,4686471168,77,1,3,3
8,180,7.1756,2.0145,6.8825,240,4686471168,77,1,3,3
9,1,5.9050,1.3634,5.8397,527,4686970880,123,6,21,19
9,2,8.1898,1.7014,7.0787,541,4686970880,123,6,21,19
9,3,4.0497,2.6502,5.0454,541,4686970880,123,6,21,19
9,4,6.5023,1.6124,6.3713,528,4686970880,123,6,21,19
9,5,6.3052,1.6777,6.0173,527,4686970880,123,6,21,19
9,6,6.3505,2.1559,6.2571,589,4686970880,123,6,21,19
9,7,5.1183,1.8017,5.8304,527,4686970880,123,6,21,19
9,8,6.6766,1.4149,6.3108,535,4686970880,123,6,21,19
9,9,6.7890,1.9501,6.3934,542,4686970880,123,6,21,19
9,10,5.3700,1.8804,6.0518,527,4686970880,123,6,21,19
9,11,6.0227,1.4923,5.8029,528,4686970880,123,6,21,19
9,12,6.6541,1.5989,6.7237,589,4686970880,123,6,21,19
9,13,5.7552,1.5619,5.7630,528,4686970880,123,6,21,19
9,14,6.0807,1.4960,5.9944,527,4686970880,123,6,21,19
9,15,7.1691,1.9163,6.9065,541,4686970880,123,6,21,19
9,16,6.4246,1.5639,6.4369,527,4686970880,123,6,21,19
9,17,5.4816,1.8709,5.7977,527,4686970880,123,6,21,19
9,18,5.8873,1.6352,5.6298,589,4686974976,123,6,21,19
9,19,6.3131,1.7897,6.1758,533,4686974976,123,6,21,19
9,20,5.9729,1.9326,6.0893,528,4686974976,123,6,21,19
9,21,6.4512,1.5127,6.7014,543,4686974976,123,6,21,19
9,22,6.4435,1.7483,6.0182,531,4686974976,123,6,21,19
9,23,5.3907,1.8970,5.6873,528,4686974976,123,6,21,19
9,24,6.2217,1.7072,6.1291,589,4686979072,123,6,21,19
9,25,6.0748,1.6234,6.0977,528,4686979072,123,6,21,19
9,26,5.9431,1.5795,6.0399,527,4686979072,123,6,21,19
9,27,6.1660,1.6233,6.0924,541,4686979072,123,6,21,19
9,28,6.9593,1.7935,6.4054,527,4686979072,123,6,21,19
9,29,5.3310,2.1393,5.9239,528,4686979072,123,6,21,19
9,30,6.4464,1.6237,6.4261,593,4686979072,123,6,21,19
9,31,5.5160,1.3795,5.6449,527,4686979072,123,6,21,19
9,32,6.9906,1.7280,6.2465,527,4686979072,123,6,21,19
9,33,5.4054,2.0251,6.0784,541,4686979072,123,6,21,19
9,34,6.2596,1.5922,6.0756,531,4686979072,123,6,21,19
9,35,6.0554,1.6358,6.0596,528,4686979072,123,6,21,19
9,36,5.6500,1.5875,5.7278,589,4686979072,123,6,21,19
9,37,6.5082,1.5753,6.4719,527,4686979072,123,6,21,19
9,38,6.3509,1.6458,6.2458,527,4686979072,123,6,21,19
9,39,5.8382,1.5389,6.0282,542,4686979072,123,6,21,19
9,40,6.3226,1.5172,6.3064,527,4686979072,123,6,21,19
9,41,5.9011,1.4989,5.6884,527,4686979072,123,6,21,19
9,42,6.7307,1.8272,6.4686,589,4686979072,123,6,21,19
9,43,5.6065,1.9698,5.9779,528,4686979072,123,6,21,19
9,44,6.0532,1.6724,5.9858,528,4686979072,123,6,21,19
9,45,6.1553,1.6155,6.1315,546,4686979072,123,6,21,19
9,46,5.9418,1.6337,5.9747,527,4686979072,123,6,21,19
9,47,5.5156,1.5047,5.6320,527,4686979072,123,6,21,19
9,48,6.9648,1.7766,6.7145,591,4686979072,123,6,21,19
9,49,5.7882,1.5139,6.0657,527,4686979072,123,6,21,19
9,50,6.1955,1.5356,6.0097,527,4686979072,123,6,21,19
9,51,6.3423,1.7756,6.1754,541,4686979072,123,6,21,19
9,52,6.5716,1.6699,6.5317,527,4686979072,123,6,21,19
9,53,5.4941,1.8260,5.7308,527,4686979072,123,6,21,19
9,54,6.7888,1.5348,6.5536,589,4686979072,123,6,21,19
9,55,6.2321,1.8586,6.4152,527,4686979072,123,6,21,19
9,56,5.5537,1.5028,5.6506,527,4686983168,123,6,21,19
9,57,6.2339,1.6416,6.1224,541,4686983168,123,6,21,19
9,58,6.7181,1.7379,6.5377,527,4686983168,123,6,21,19
9,59,5.3132,1.6588,5.5386,529,4686983168,123,6,21,19
9,60,6.3012,1.5462,6.2986,590,4686983168,123,6,21,19
9,61,6.4062,1.6349,6.2770,527,4686983168,123,6,21,19
9,62,6.2564,1.6627,5.8987,527,4686983168,123,6,21,19
9,63,5.6131,1.9253,6.0667,541,4686983168,123,6,21,19
9,64,6.7618,1.7253,6.5288,528,4686983168,123,6,21,19
9,65,5.9185,1.6602,6.0215,527,4686983168,123,6,21,19
9,66,6.3964,1.6089,6.5274,589,4686983168,123,6,21,19
9,67,5.5766,1.5350,5.5277,527,4686983168,123,6,21,19
9,68,6.5015,1.6458,6.4089,527,4686983168,123,6,21,19
9,69,6.0225,1.6654,6.0370,541,4686983168,123,6,21,19
9,70,6.8378,1.7118,6.5173,527,4686983168,123,6,21,19
9,71,5.8368,1.9003,5.8298,527,4686983168,123,6,21,19
9,72,5.6579,1.9642,5.9562,589,4686983168,123,6,21,19
9,73,6.1704,1.5946,6.1174,527,4686983168,123,6,21,19
9,74,5.8055,1.4993,5.8927,528,4686983168,123,6,21,19
9,75,6.6724,1.6469,6.5495,541,4686983168,123,6,21,19
9,76,5.8090,1.5949,5.8545,527,4686983168,123,6,21,19
9,77,5.7216,1.5151,5.7273,528,4686999552,123,6,21,19
9,78,7.7864,1.7546,7.0119,527,4687011840,123,6,21,19
9,79,4.6403,2.2208,5.3888,527,4687032320,123,6,21,19
9,80,6.3441,1.6741,6.1573,527,4687044608,123,6,21,19
9,81,6.2570,1.7287,6.3150,548,4687114240,123,6,21,19
9,82,6.2717,1.5799,6.0453,528,4687118336,123,6,21,19
9,83,5.5718,1.9293,5.9143,528,4687118336,123,6,21,19
9,84,6.2276,1.4939,6.2142,590,4687118336,123,6,21,19
9,85,6.2655,1.6069,6.1057,527,4687118336,123,6,21,19
9,86,6.2483,1.8081,6.1884,527,4687118336,123,6,21,19
9,87,6.6123,1.7259,6.2648,541,4687118336,123,6,21,19
9,88,5.5876,1.9041,6.0993,527,4687118336,123,6,21,19
9,89,5.9614,1.4822,6.0208,527,4687118336,123,6,21,19
9,90,6.5146,1.6683,6.3387,590,4687118336,123,6,21,19
9,91,6.2771,1.7232,6.1385,529,4687118336,123,6,21,19
9,92,6.0181,1.6369,6.1633,527,4687118336,123,6,21,19
9,93,6.6384,1.6069,6.4847,542,4687118336,123,6,21,19
9,94,6.1705,1.8092,6.1516,531,4687118336,123,6,21,19
9,95,5.8199,1.7170,5.8316,529,4687118336,123,6,21,19
9,96,5.8460,1.6210,5.8344,593,4687118336,123,6,21,19
9,97,7.1944,1.7086,7.2171,527,4687118336,123,6,21,19
9,98,5.2967,1.7636,5.2503,527,4687118336,123,6,21,19
9,99,6.0003,1.5195,6.2788,576,4687118336,123,6,21,19
9,100,6.1242,1.5337,5.9402,527,4687118336,123,6,21,19
9,101,5.8710,1.6223,5.8417,527,4687118336,123,6,21,19
9,102,7.1806,1.6006,7.1218,589,4687118336,123,6,21,19
9,103,6.7750,1.9367,6.1116,528,4687118336,123,6,21,19
9,104,4.7051,2.2498,5.4326,528,4687118336,123,6,21,19
9,105,5.9998,1.6338,5.9230,542,4687118336,123,6,21,19
9,106,6.4037,1.5343,6.4414,527,4687118336,123,6,21,19
9,107,6.1107,1.6511,5.9992,528,4687118336,123,6,21,19
9,108,6.6974,1.6836,6.7525,589,4687138816,123,6,21,19
9,109,5.9223,1.6816,5.7681,528,4687138816,123,6,21,19
9,110,6.3371,1.6848,6.4065,528,4687138816,123,6,21,19
9,111,5.7196,1.5922,5.9515,542,4687204352,123,6,21,19
9,112,8.0143,1.7277,7.2295,528,4687204352,123,6,21,19
9,113,5.4056,2.2705,5.7081,528,4687204352,123,6,21,19
9,114,5.6866,1.7094,6.0317,589,4687204352,123,6,21,19
9,115,6.3863,1.5761,5.8729,528,4687208448,123,6,21,19
9,116,5.9329,2.1870,6.1334,527,4687208448,123,6,21,19
9,117,6.4185,1.5454,6.7222,541,4687208448,123,6,21,19
9,118,6.2213,1.7312,5.8926,527,4687208448,123,6,21,19
9,119,5.5995,1.6524,5.7582,528,4687212544,123,6,21,19
9,120,6.7961,1.7381,6.6883,589,4687212544,123,6,21,19
9,121,6.2594,1.7250,6.2765,527,4687212544,123,6,21,19
9,122,5.7071,1.6100,5.8420,526,4687216640,123,6,21,19
9,123,6.2795,1.5942,5.8871,542,4687216640,123,6,21,19
9,124,6.4429,1.9947,6.4504,529,4687216640,123,6,21,19
9,125,5.3830,1.8831,5.8832,528,4687216640,123,6,21,19
9,126,6.7622,1.4700,6.6149,588,4687216640,123,6,21,19
9,127,5.8284,1.5574,5.6819,527,4687216640,123,6,21,19
9,128,6.6591,1.9179,6.2476,527,4687216640,123,6,21,19
9,129,6.4351,2.1799,6.4902,540,4687224832,123,6,21,19
9,130,6.0486,1.9218,6.2167,527,4687224832,123,6,21,19
9,131,5.8864,1.7999,5.9626,529,4687224832,123,6,21,19
9,132,6.4112,1.7580,6.0995,588,4687224832,123,6,21,19
9,133,6.5485,2.3571,6.2972,527,4687224832,123,6,21,19
9,134,5.6686,1.9304,6.5067,526,4687228928,123,6,21,19
9,135,5.7898,1.6468,5.5856,542,4687233024,123,6,21,19
9,136,6.6059,1.6675,6.5255,527,4687233024,123,6,21,19
9,137,6.0721,1.6260,6.2087,527,4687237120,123,6,21,19
9,138,5.9549,1.4768,6.0214,588,4687237120,123,6,21,19
9,139,6.6899,1.5803,6.1550,526,4687241216,123,6,21,19
9,140,5.6188,1.9347,5.9861,526,4687241216,123,6,21,19
9,141,6.2736,1.6418,6.2240,541,4687241216,123,6,21,19
9,142,6.3597,1.6954,6.2760,527,4687241216,123,6,21,19
9,143,5.6074,1.5142,5.8645,527,4687241216,123,6,21,19
9,144,6.2187,1.5773,6.0478,588,4687245312,123,6,21,19
9,145,7.7888,1.8006,7.1111,526,4687245312,123,6,21,19
9,146,5.2602,2.0644,5.8516,526,4687249408,123,6,21,19
9,147,5.1439,1.4683,5.3649,541,4687257600,123,6,21,19
9,148,7.5947,1.5874,7.1636,529,4687261696,123,6,21,19
9,149,5.9008,1.9740,5.8049,527,4687261696,123,6,21,19
9,150,5.2418,1.9812,5.4911,588,4687261696,123,6,21,19
9,151,6.3241,1.6402,6.0414,527,4687261696,123,6,21,19
9,152,6.5351,1.9954,6.7603,526,4687265792,123,6,21,19
9,153,5.9296,1.5402,6.1208,540,4687265792,123,6,21,19
9,154,5.7430,1.5710,5.5333,527,4687265792,123,6,21,19
9,155,6.0604,1.7107,6.0404,526,4687265792,123,6,21,19
9,156,7.0003,1.5382,7.1428,588,4687269888,123,6,21,19
9,157,5.4543,1.5292,5.4878,529,4687269888,123,6,21,19
9,158,6.5463,1.7331,6.1936,526,4687269888,123,6,21,19
9,159,5.7608,1.7650,5.9550,541,4687269888,123,6,21,19
9,160,6.2310,1.5847,6.2423,527,4687278080,123,6,21,19
9,161,6.6679,1.5607,6.3896,526,4687282176,123,6,21,19
9,162,6.0756,2.1075,6.1253,588,4687294464,123,6,21,19
9,163,6.3676,1.6720,6.6092,527,4687294464,123,6,21,19
9,164,5.3335,1.5841,5.2359,526,4687294464,123,6,21,19
9,165,6.2819,1.6029,6.3322,540,4687294464,123,6,21,19
9,166,5.9873,1.4726,6.0971,528,4687294464,123,6,21,19
9,167,6.0928,1.6134,5.8625,527,4687298560,123,6,21,19
9,168,6.5414,1.7291,6.6214,588,4687298560,123,6,21,19
9,169,6.2109,1.5498,6.1917,526,4687298560,123,6,21,19
9,170,5.7685,1.6761,5.7036,527,4687302656,123,6,21,19
9,171,6.4333,1.6027,6.3557,540,4687327232,123,6,21,19
9,172,6.4507,1.9284,6.4360,526,4687335424,123,6,21,19
9,173,4.9422,1.5282,5.1631,527,4687343616,123,6,21,19
9,174,6.8786,1.6559,6.7095,588,4687343616,123,6,21,19
9,175,5.6908,1.5426,5.7393,526,4687347712,123,6,21,19
9,176,5.7434,1.6174,5.6533,526,4687364096,123,6,21,19
9,177,6.1338,1.5363,6.2149,540,4687364096,123,6,21,19
9,178,6.9529,1.8118,6.7317,526,4687364096,123,6,21,19
9,179,5.4870,1.5648,5.6836,527,4687364096,123,6,21,19
9,180,6.7136,1.5815,6.7297,588,4687364096,123,6,21,19
