phase,sample,wall_ms,game_ms,render_ms,draw_calls,primitives,process_bytes,world_actors,compound_actors,instances,batches
empty,1,5.0286,1.6017,5.3334,161,831061,4499578880,64,0,0,0
empty,2,5.4699,1.4319,5.4319,161,831061,4499582976,64,0,0,0
empty,3,5.8793,1.4642,5.8047,188,1188561,4499582976,64,0,0,0
empty,4,5.9528,1.3729,6.1048,161,831061,4499582976,64,0,0,0
empty,5,5.8331,1.4421,5.6296,162,831073,4499582976,64,0,0,0
empty,6,5.0767,1.5338,5.1213,188,1188545,4499582976,64,0,0,0
empty,7,6.0978,1.6039,6.0165,162,831073,4499582976,64,0,0,0
empty,8,5.7348,1.4309,5.7954,161,831061,4499582976,64,0,0,0
empty,9,5.8403,1.6092,5.7894,162,831073,4499582976,64,0,0,0
empty,10,5.5389,1.3959,5.7220,188,1188561,4499582976,64,0,0,0
empty,11,6.4164,1.6062,6.1341,162,831073,4499582976,64,0,0,0
empty,12,5.6145,1.5409,5.7162,161,831061,4499582976,64,0,0,0
empty,13,5.2311,1.4194,5.3583,188,1188545,4499582976,64,0,0,0
empty,14,5.6976,1.4877,5.6054,161,831061,4499582976,64,0,0,0
empty,15,6.5607,1.4154,6.5528,161,831061,4499582976,64,0,0,0
empty,16,4.8098,1.4901,4.8135,161,831061,4499582976,64,0,0,0
empty,17,5.8510,1.4374,5.8728,188,1188561,4499591168,64,0,0,0
empty,18,6.1175,1.4010,6.1448,161,831061,4499591168,64,0,0,0
empty,19,5.5942,1.4969,5.4760,161,831061,4499591168,64,0,0,0
empty,20,6.2941,1.4634,6.3925,189,1188557,4499591168,64,0,0,0
empty,21,4.9780,1.2901,5.1052,161,831061,4499591168,64,0,0,0
empty,22,7.5470,1.5210,6.6846,162,831073,4499591168,64,0,0,0
empty,23,4.6587,2.1802,5.1787,161,831061,4499591168,64,0,0,0
empty,24,6.1703,1.4564,6.3186,189,1188573,4499591168,64,0,0,0
empty,25,5.1678,1.5229,5.1088,161,831061,4499591168,64,0,0,0
empty,26,5.4023,1.4844,5.4091,161,831061,4499591168,64,0,0,0
empty,27,5.4822,1.3507,5.6023,188,1188545,4499591168,64,0,0,0
empty,28,5.7012,1.4971,5.6071,162,831073,4499595264,64,0,0,0
empty,29,5.9027,1.4201,5.9374,161,831061,4499595264,64,0,0,0
empty,30,6.3435,1.3281,6.3311,161,831061,4499595264,64,0,0,0
empty,31,5.4365,1.5471,5.3752,188,1188561,4499595264,64,0,0,0
empty,32,5.4913,1.3914,5.5851,161,831061,4499595264,64,0,0,0
empty,33,5.8087,1.4261,5.6791,161,831061,4499595264,64,0,0,0
empty,34,5.8760,1.5502,5.8321,188,1188545,4499595264,64,0,0,0
empty,35,6.1051,1.4256,6.2044,161,831061,4499660800,64,0,0,0
empty,36,5.1128,1.6152,4.9266,162,831073,4499660800,64,0,0,0
empty,37,5.4296,1.4339,5.5516,161,831061,4499660800,64,0,0,0
empty,38,5.5499,1.3976,5.6841,189,1188573,4499660800,64,0,0,0
empty,39,5.8435,1.3930,5.7274,161,831061,4499660800,64,0,0,0
empty,40,5.8910,1.4721,5.8674,161,831061,4499660800,64,0,0,0
empty,41,6.0500,1.4473,5.9989,188,1188545,4499660800,64,0,0,0
empty,42,5.5635,1.4650,5.6137,161,831061,4499660800,64,0,0,0
empty,43,6.3735,1.3988,6.4127,161,831061,4499660800,64,0,0,0
empty,44,4.9617,1.4248,4.8158,161,831061,4499660800,64,0,0,0
empty,45,6.0536,1.5688,6.0400,188,1188561,4499660800,64,0,0,0
empty,46,5.2945,1.3900,5.4530,161,831061,4499660800,64,0,0,0
empty,47,5.6880,1.4751,5.5108,162,831073,4499660800,64,0,0,0
empty,48,5.9832,1.5262,5.9645,189,1188557,4499660800,64,0,0,0
empty,49,5.3619,1.4269,5.5412,162,831073,4499660800,64,0,0,0
empty,50,5.8737,1.4409,5.6924,161,831061,4499660800,64,0,0,0
empty,51,5.9887,1.3675,6.1813,162,831073,4499660800,64,0,0,0
empty,52,5.1674,1.3523,5.1227,189,1188573,4499660800,64,0,0,0
empty,53,5.7846,1.4449,5.6519,161,831061,4499660800,64,0,0,0
empty,54,5.2656,1.3674,5.4003,161,831061,4499660800,64,0,0,0
empty,55,6.5023,1.5051,6.3000,188,1188545,4499660800,64,0,0,0
empty,56,5.8807,1.6954,5.7629,161,831061,4499660800,64,0,0,0
empty,57,5.6077,1.5916,5.6832,161,831061,4499660800,64,0,0,0
empty,58,5.7487,1.6418,5.7079,162,831073,4499664896,64,0,0,0
empty,59,5.5510,1.4645,5.6535,188,1188561,4499664896,64,0,0,0
empty,60,5.4045,1.4241,5.5002,161,831061,4499664896,64,0,0,0
empty,61,5.6218,1.4438,5.5870,162,831073,4499664896,64,0,0,0
empty,62,5.6348,1.4330,5.6621,188,1188545,4499664896,64,0,0,0
empty,63,5.8609,1.4186,5.7631,161,831061,4499664896,64,0,0,0
empty,64,5.5922,1.4995,5.6133,162,831073,4499664896,64,0,0,0
empty,65,5.7119,1.4393,5.7308,161,831061,4499664896,64,0,0,0
empty,66,5.5954,1.3787,5.6491,188,1188561,4499664896,64,0,0,0
empty,67,6.0525,1.5601,5.9195,161,831061,4499664896,64,0,0,0
empty,68,5.1881,1.4066,5.2819,162,831073,4499664896,64,0,0,0
empty,69,6.5472,1.4255,6.5525,188,1188545,4499664896,64,0,0,0
empty,70,5.0547,1.4530,4.9734,161,831061,4499664896,64,0,0,0
empty,71,6.2153,1.5406,6.1382,161,831061,4499664896,64,0,0,0
empty,72,5.0836,1.4577,5.1691,161,831061,4499664896,64,0,0,0
empty,73,5.5368,1.4307,5.6137,188,1188561,4499664896,64,0,0,0
empty,74,6.2709,1.5519,6.0778,161,831061,4499664896,64,0,0,0
empty,75,5.3648,1.4315,5.5318,161,831061,4499664896,64,0,0,0
empty,76,5.7116,1.4397,5.6912,188,1188545,4499664896,64,0,0,0
empty,77,5.6548,1.3256,5.6756,161,831061,4499664896,64,0,0,0
empty,78,5.8169,1.4910,5.6535,162,831073,4499664896,64,0,0,0
empty,79,5.2583,1.3675,5.4765,161,831061,4499664896,64,0,0,0
empty,80,6.3365,1.5735,5.9760,188,1188561,4499664896,64,0,0,0
empty,81,5.8825,1.6172,5.9881,161,831061,4499664896,64,0,0,0
empty,82,5.1083,1.3519,5.3337,161,831061,4499664896,64,0,0,0
empty,83,5.8501,1.5166,5.6191,189,1188557,4499664896,64,0,0,0
empty,84,5.5567,1.4463,5.6684,161,831061,4499664896,64,0,0,0
empty,85,5.6337,1.3723,5.6374,161,831061,4499664896,64,0,0,0
empty,86,5.7490,1.4792,5.6753,162,831073,4499664896,64,0,0,0
empty,87,5.3942,1.3893,5.4351,188,1188561,4499664896,64,0,0,0
empty,88,6.0347,1.5882,5.8573,161,831061,4499664896,64,0,0,0
empty,89,5.6489,1.5332,5.7182,161,831061,4499664896,64,0,0,0
empty,90,6.0352,1.4350,6.1423,188,1188545,4499664896,64,0,0,0
empty,91,5.7704,1.3899,5.8211,161,831061,4499668992,64,0,0,0
empty,92,5.2471,1.5695,4.9255,161,831061,4499668992,64,0,0,0
empty,93,5.3906,1.4972,5.6015,161,831061,4499668992,64,0,0,0
empty,94,6.8967,1.4508,6.6020,188,1188561,4499668992,64,0,0,0
empty,95,4.5926,1.7341,4.9996,161,831061,4499668992,64,0,0,0
empty,96,6.5678,1.5611,6.1784,161,831061,4499668992,64,0,0,0
empty,97,5.3454,1.4336,5.6609,188,1188545,4499668992,64,0,0,0
empty,98,5.9382,1.6248,5.7073,161,831061,4499668992,64,0,0,0
empty,99,5.6861,1.4441,5.7877,161,831061,4499668992,64,0,0,0
empty,100,5.4897,1.4911,5.6055,162,831073,4499668992,64,0,0,0
empty,101,5.4723,1.2907,5.5268,188,1188561,4499668992,64,0,0,0
empty,102,6.1388,1.4853,5.8979,161,831061,4499668992,64,0,0,0
empty,103,5.3686,1.5050,5.5040,161,831061,4499668992,64,0,0,0
empty,104,5.7057,1.3841,5.7151,189,1188557,4499668992,64,0,0,0
empty,105,5.8868,1.5180,5.7165,162,831073,4499668992,64,0,0,0
empty,106,5.7347,1.4936,5.8806,161,831061,4499668992,64,0,0,0
empty,107,5.5831,1.3959,5.4541,162,831073,4499668992,64,0,0,0
empty,108,5.6239,1.5509,5.7130,188,1188561,4499668992,64,0,0,0
empty,109,5.6698,1.4715,5.6664,161,831061,4499668992,64,0,0,0
empty,110,5.5638,1.4075,5.5537,161,831061,4499668992,64,0,0,0
empty,111,5.7598,1.4536,5.7137,188,1188545,4499668992,64,0,0,0
empty,112,6.0324,1.3771,6.1989,161,831061,4499668992,64,0,0,0
empty,113,5.2048,1.4266,5.0152,161,831061,4499668992,64,0,0,0
empty,114,5.8803,1.4577,5.8801,161,831061,4499668992,64,0,0,0
empty,115,6.5044,1.5511,6.4630,188,1188561,4499668992,64,0,0,0
empty,116,5.2776,1.5626,5.2641,162,831073,4499668992,64,0,0,0
empty,117,5.5799,1.3772,5.7058,161,831061,4499668992,64,0,0,0
empty,118,5.7854,1.4326,5.7798,188,1188545,4499668992,64,0,0,0
empty,119,5.8787,1.4149,5.8581,161,831061,4499668992,64,0,0,0
empty,120,5.4220,1.3991,5.3898,161,831061,4499668992,64,0,0,0
empty,121,5.7225,1.5831,5.5010,161,831061,4499668992,64,0,0,0
empty,122,6.5054,1.4761,6.3842,188,1188561,4499668992,64,0,0,0
empty,123,5.1547,1.5666,5.3685,161,831061,4499668992,64,0,0,0
empty,124,6.2008,1.4117,6.2957,161,831061,4499677184,64,0,0,0
empty,125,5.2021,1.5028,5.1296,189,1188557,4499677184,64,0,0,0
empty,126,6.0323,1.3524,6.1291,162,831073,4499677184,64,0,0,0
empty,127,5.1186,1.4603,5.0604,161,831061,4499677184,64,0,0,0
empty,128,5.4223,1.4064,5.4127,161,831061,4499677184,64,0,0,0
empty,129,5.8230,1.4810,5.6671,188,1188561,4499677184,64,0,0,0
empty,130,5.7459,1.5232,5.9073,161,831061,4499677184,64,0,0,0
empty,131,6.5093,1.3936,6.5285,161,831061,4499677184,64,0,0,0
empty,132,5.3530,1.4939,5.2536,189,1188557,4499677184,64,0,0,0
empty,133,6.1134,1.3750,6.2861,162,831073,4499677184,64,0,0,0
empty,134,5.3954,1.4867,5.1220,161,831061,4499677184,64,0,0,0
empty,135,5.3439,1.5154,5.4564,161,831061,4499677184,64,0,0,0
empty,136,5.7772,1.5110,5.7400,189,1188573,4499677184,64,0,0,0
empty,137,5.5156,1.3360,5.5751,161,831061,4499677184,64,0,0,0
empty,138,5.7805,1.5182,5.7522,162,831073,4499677184,64,0,0,0
empty,139,6.1325,1.6792,5.9666,188,1188545,4499677184,64,0,0,0
empty,140,5.7003,1.4453,5.8920,161,831061,4499677184,64,0,0,0
empty,141,5.6294,1.3941,5.6555,161,831061,4499677184,64,0,0,0
empty,142,5.4841,1.3442,5.5435,161,831061,4499677184,64,0,0,0
empty,143,6.1062,1.4895,5.8289,188,1188561,4499677184,64,0,0,0
empty,144,5.6723,1.5941,5.6606,161,831061,4499677184,64,0,0,0
empty,145,5.5467,1.6031,5.5424,161,831061,4499677184,64,0,0,0
empty,146,6.8600,1.6216,6.7857,188,1188545,4499677184,64,0,0,0
empty,147,4.6139,1.6368,4.8204,161,831061,4499677184,64,0,0,0
empty,148,5.6942,1.5398,5.5260,161,831061,4499677184,64,0,0,0
empty,149,5.8977,1.6177,5.9197,161,831061,4499677184,64,0,0,0
empty,150,6.0982,1.4680,6.2168,188,1188561,4499677184,64,0,0,0
empty,151,5.3176,1.5365,5.2616,161,831061,4499677184,64,0,0,0
empty,152,6.0338,1.3715,6.2168,161,831061,4499677184,64,0,0,0
empty,153,5.2322,1.4249,5.1403,188,1188545,4499677184,64,0,0,0
empty,154,6.2579,1.5031,6.1153,161,831061,4499677184,64,0,0,0
empty,155,5.7150,1.4802,5.7455,161,831061,4499681280,64,0,0,0
empty,156,5.4271,1.4676,5.4297,161,831061,4499681280,64,0,0,0
empty,157,6.6470,1.6114,6.5999,189,1188573,4499681280,64,0,0,0
empty,158,4.9813,1.4813,4.9529,161,831061,4499681280,64,0,0,0
empty,159,5.4010,1.5606,5.4006,161,831061,4499681280,64,0,0,0
empty,160,5.4957,1.4862,5.5921,188,1188545,4499681280,64,0,0,0
empty,161,5.6315,1.4434,5.5619,161,831061,4499681280,64,0,0,0
empty,162,6.1350,1.4957,5.8364,162,831073,4499681280,64,0,0,0
empty,163,5.5261,1.7429,5.9409,162,831073,4499681280,64,0,0,0
empty,164,6.2569,1.4958,5.9471,188,1188561,4499681280,64,0,0,0
empty,165,6.1921,1.6160,6.3106,161,831061,4499681280,64,0,0,0
empty,166,5.3828,1.4082,5.5211,162,831073,4499681280,64,0,0,0
empty,167,5.2883,1.5092,5.1704,188,1188545,4499681280,64,0,0,0
empty,168,5.4575,1.4427,5.5096,161,831061,4499681280,64,0,0,0
empty,169,5.7262,1.5335,5.6711,161,831061,4499681280,64,0,0,0
empty,170,5.8612,1.5480,5.8156,161,831061,4499681280,64,0,0,0
empty,171,6.0407,1.4459,6.0400,188,1188561,4499681280,64,0,0,0
empty,172,5.8695,1.6090,5.9579,161,831061,4499681280,64,0,0,0
empty,173,5.5456,1.4158,5.5209,162,831073,4499681280,64,0,0,0
empty,174,5.5526,1.3994,5.6153,188,1188545,4499681280,64,0,0,0
empty,175,5.6564,1.3715,5.7013,161,831061,4499681280,64,0,0,0
empty,176,6.7785,1.3741,6.6988,161,831061,4499681280,64,0,0,0
empty,177,4.9639,1.3945,4.9707,161,831061,4499681280,64,0,0,0
empty,178,5.3683,1.4200,5.3877,190,1188585,4499681280,64,0,0,0
empty,179,6.0715,1.5061,5.9230,161,831061,4499681280,64,0,0,0
empty,180,5.7585,1.3858,5.8586,162,831073,4499681280,64,0,0,0
32_preview_compounds,1,7.7633,1.4357,7.7123,2500,833449,4611723264,96,32,721,208
32_preview_compounds,2,6.2041,1.6516,6.0127,2527,1190933,4611723264,96,32,721,208
32_preview_compounds,3,8.2557,1.6069,8.1759,2501,833461,4611723264,96,32,721,208
32_preview_compounds,4,6.4025,1.8934,6.5788,2500,833449,4611723264,96,32,721,208
32_preview_compounds,5,7.3340,1.6319,7.2071,2500,833449,4611723264,96,32,721,208
32_preview_compounds,6,6.8600,1.7377,6.8325,2527,1190949,4611723264,96,32,721,208
32_preview_compounds,7,6.0939,1.7522,6.1359,2500,833449,4611727360,96,32,721,208
32_preview_compounds,8,7.9282,1.6019,8.0345,2500,833449,4611727360,96,32,721,208
32_preview_compounds,9,5.9303,1.7131,5.8968,2527,1190933,4611727360,96,32,721,208
32_preview_compounds,10,6.9812,1.4448,7.1115,2500,833449,4611727360,96,32,721,208
32_preview_compounds,11,7.2847,1.5419,7.0661,2500,833449,4611727360,96,32,721,208
32_preview_compounds,12,8.1938,1.6464,7.6777,2528,1190961,4611727360,96,32,721,208
32_preview_compounds,13,5.1498,2.2023,5.8871,2528,1190961,4611727360,96,32,721,208
32_preview_compounds,14,6.8482,1.4699,6.7862,2500,833449,4611727360,96,32,721,208
32_preview_compounds,15,7.0133,1.6237,6.9445,2500,833449,4611727360,96,32,721,208
32_preview_compounds,16,8.1547,1.6452,7.7905,2527,1190933,4611727360,96,32,721,208
32_preview_compounds,17,6.1145,1.9352,6.4019,2500,833449,4611735552,96,32,721,208
32_preview_compounds,18,7.2608,1.7440,6.7988,2500,833449,4611739648,96,32,721,208
32_preview_compounds,19,7.3818,1.9124,7.8100,2501,833461,4611743744,96,32,721,208
32_preview_compounds,20,6.9188,1.7038,6.9309,2528,1190961,4611743744,96,32,721,208
32_preview_compounds,21,5.8733,1.5421,6.0364,2500,833449,4611747840,96,32,721,208
32_preview_compounds,22,6.7772,1.5040,6.6655,2501,833461,4611756032,96,32,721,208
32_preview_compounds,23,7.2728,1.6335,7.1645,2528,1190945,4611756032,96,32,721,208
32_preview_compounds,24,7.3251,1.6130,7.1916,2500,833449,4611756032,96,32,721,208
32_preview_compounds,25,6.5993,1.9972,6.5477,2500,833449,4611756032,96,32,721,208
32_preview_compounds,26,7.5373,1.6466,7.8610,2501,833461,4611756032,96,32,721,208
32_preview_compounds,27,6.3715,1.7081,6.1578,2528,1190961,4611760128,96,32,721,208
32_preview_compounds,28,8.3772,1.5990,7.8605,2501,833461,4611760128,96,32,721,208
32_preview_compounds,29,5.2628,2.3438,5.7661,2501,833461,4611760128,96,32,721,208
32_preview_compounds,30,7.1158,1.6701,7.3385,2527,1190933,4611760128,96,32,721,208
32_preview_compounds,31,7.3213,1.7008,6.9693,2501,833461,4611760128,96,32,721,208
32_preview_compounds,32,6.8214,1.8679,6.9099,2500,833449,4611760128,96,32,721,208
32_preview_compounds,33,6.3705,1.6000,6.5436,2501,833461,4611760128,96,32,721,208
32_preview_compounds,34,8.2637,1.5860,8.1106,2527,1190949,4611760128,96,32,721,208
32_preview_compounds,35,5.8961,1.9443,5.8079,2501,833461,4611760128,96,32,721,208
32_preview_compounds,36,8.1304,1.5877,8.0988,2500,833449,4611760128,96,32,721,208
32_preview_compounds,37,5.2320,1.7598,5.6058,2527,1190933,4611760128,96,32,721,208
32_preview_compounds,38,8.4083,1.4805,8.3117,2501,833461,4611760128,96,32,721,208
32_preview_compounds,39,7.0125,1.6076,6.8836,2500,833449,4611760128,96,32,721,208
32_preview_compounds,40,6.0813,1.6148,6.1383,2500,833449,4611760128,96,32,721,208
32_preview_compounds,41,6.4599,1.7383,6.3821,2527,1190949,4611760128,96,32,721,208
32_preview_compounds,42,7.1497,1.6574,7.1800,2500,833449,4611760128,96,32,721,208
32_preview_compounds,43,6.6736,1.5998,6.7040,2500,833449,4611760128,96,32,721,208
32_preview_compounds,44,7.4261,1.8177,7.2515,2527,1190933,4611760128,96,32,721,208
32_preview_compounds,45,6.7681,1.6415,6.8868,2500,833449,4611760128,96,32,721,208
32_preview_compounds,46,6.7696,1.5633,6.8039,2500,833449,4611760128,96,32,721,208
32_preview_compounds,47,7.0083,1.5813,7.0191,2500,833449,4611760128,96,32,721,208
32_preview_compounds,48,6.4846,1.5618,6.5858,2527,1190949,4611760128,96,32,721,208
32_preview_compounds,49,7.1922,1.5283,7.0511,2501,833461,4611768320,96,32,721,208
32_preview_compounds,50,8.0179,1.6928,8.0291,2500,833449,4611768320,96,32,721,208
32_preview_compounds,51,6.8655,1.5717,6.9039,2527,1190933,4611768320,96,32,721,208
32_preview_compounds,52,5.7242,1.6577,5.6096,2500,833449,4611768320,96,32,721,208
32_preview_compounds,53,6.9154,1.7317,6.8890,2501,833461,4611768320,96,32,721,208
32_preview_compounds,54,6.6964,1.5355,6.8810,2500,833449,4611768320,96,32,721,208
32_preview_compounds,55,7.3550,1.6296,7.2144,2528,1190961,4611768320,96,32,721,208
32_preview_compounds,56,6.6538,1.6210,6.6816,2501,833461,4611768320,96,32,721,208
32_preview_compounds,57,6.8360,1.4538,6.9808,2500,833449,4611768320,96,32,721,208
32_preview_compounds,58,7.1904,1.6375,6.9865,2527,1190933,4611768320,96,32,721,208
32_preview_compounds,59,6.7681,1.5672,6.8019,2500,833449,4611768320,96,32,721,208
32_preview_compounds,60,8.0097,1.6564,8.0452,2500,833449,4611768320,96,32,721,208
32_preview_compounds,61,6.9288,1.6402,6.7343,2500,833449,4611768320,96,32,721,208
32_preview_compounds,62,5.7870,1.7462,5.9104,2527,1190949,4611768320,96,32,721,208
32_preview_compounds,63,7.0123,1.6243,7.0712,2500,833449,4611768320,96,32,721,208
32_preview_compounds,64,6.7451,1.4884,6.8163,2500,833449,4611768320,96,32,721,208
32_preview_compounds,65,8.0197,1.5889,7.9299,2527,1190933,4611768320,96,32,721,208
32_preview_compounds,66,7.0680,1.5479,7.0676,2500,833449,4611768320,96,32,721,208
32_preview_compounds,67,6.0013,1.7683,5.7203,2500,833449,4611768320,96,32,721,208
32_preview_compounds,68,6.9472,1.6036,7.1186,2500,833449,4611768320,96,32,721,208
32_preview_compounds,69,6.5512,1.6114,6.6637,2527,1190949,4611768320,96,32,721,208
32_preview_compounds,70,7.1254,1.6652,6.9600,2500,833449,4611768320,96,32,721,208
32_preview_compounds,71,8.2521,1.5782,8.2285,2500,833449,4611768320,96,32,721,208
32_preview_compounds,72,5.8230,1.6761,5.9895,2527,1190933,4611768320,96,32,721,208
32_preview_compounds,73,7.1145,1.6743,6.8146,2500,833449,4611768320,96,32,721,208
32_preview_compounds,74,7.4624,1.7167,7.6474,2500,833449,4611768320,96,32,721,208
32_preview_compounds,75,6.7971,1.5639,6.9613,2500,833449,4611772416,96,32,721,208
32_preview_compounds,76,6.0848,1.5583,5.9043,2527,1190949,4611772416,96,32,721,208
32_preview_compounds,77,6.7334,1.6242,6.7503,2500,833449,4611772416,96,32,721,208
32_preview_compounds,78,7.0539,1.4906,7.1871,2500,833449,4611772416,96,32,721,208
32_preview_compounds,79,8.2605,1.6179,8.0164,2527,1190933,4611772416,96,32,721,208
32_preview_compounds,80,5.7256,1.7505,5.7226,2500,833449,4611772416,96,32,721,208
32_preview_compounds,81,6.7624,1.6807,6.9094,2502,833473,4611772416,96,32,721,208
32_preview_compounds,82,7.9293,1.5635,7.8462,2500,833449,4611772416,96,32,721,208
32_preview_compounds,83,6.0250,1.5687,5.8071,2527,1190949,4611772416,96,32,721,208
32_preview_compounds,84,6.5835,1.8205,6.9590,2501,833461,4611772416,96,32,721,208
32_preview_compounds,85,7.1102,1.4267,7.0484,2501,833461,4611772416,96,32,721,208
32_preview_compounds,86,6.7972,1.5245,6.8501,2527,1190933,4611772416,96,32,721,208
32_preview_compounds,87,6.8931,1.5336,6.8515,2500,833449,4611772416,96,32,721,208
32_preview_compounds,88,8.2069,1.4983,8.1732,2500,833449,4611772416,96,32,721,208
32_preview_compounds,89,5.7557,1.5191,5.7667,2500,833449,4611772416,96,32,721,208
32_preview_compounds,90,6.8324,1.5222,6.7858,2527,1190949,4611772416,96,32,721,208
32_preview_compounds,91,7.2764,1.6044,7.1871,2500,833449,4611772416,96,32,721,208
32_preview_compounds,92,6.8075,1.4686,6.9370,2500,833449,4611772416,96,32,721,208
32_preview_compounds,93,6.9294,1.4931,6.9395,2527,1190933,4611772416,96,32,721,208
32_preview_compounds,94,6.8209,1.4806,6.7910,2501,833461,4611788800,96,32,721,208
32_preview_compounds,95,6.9397,1.5107,6.9087,2500,833449,4611788800,96,32,721,208
32_preview_compounds,96,6.9536,1.5349,6.9722,2500,833449,4611788800,96,32,721,208
32_preview_compounds,97,7.1811,1.7069,6.8850,2527,1190949,4611788800,96,32,721,208
32_preview_compounds,98,7.0232,1.5525,7.2112,2500,833449,4611788800,96,32,721,208
32_preview_compounds,99,7.2578,1.6555,6.8862,2500,833449,4611788800,96,32,721,208
32_preview_compounds,100,6.2313,1.8218,6.7360,2527,1190933,4611788800,96,32,721,208
32_preview_compounds,101,7.1512,1.5036,6.9953,2500,833449,4611788800,96,32,721,208
32_preview_compounds,102,6.9597,1.5733,7.0702,2500,833449,4611788800,96,32,721,208
32_preview_compounds,103,6.8523,1.4971,6.7605,2500,833449,4611788800,96,32,721,208
32_preview_compounds,104,7.2683,1.6773,6.8116,2527,1190949,4611788800,96,32,721,208
32_preview_compounds,105,6.9802,1.8641,7.5416,2501,833461,4611788800,96,32,721,208
32_preview_compounds,106,7.8310,1.4119,7.7623,2500,833449,4611788800,96,32,721,208
32_preview_compounds,107,6.0640,1.6604,5.8786,2527,1190933,4611796992,96,32,721,208
32_preview_compounds,108,8.3738,1.6429,8.2931,2500,833449,4611796992,96,32,721,208
32_preview_compounds,109,6.2305,1.6726,6.3807,2500,833449,4611796992,96,32,721,208
32_preview_compounds,110,5.6499,1.5089,5.7441,2500,833449,4611796992,96,32,721,208
32_preview_compounds,111,7.2924,1.6954,7.0955,2527,1190949,4611796992,96,32,721,208
32_preview_compounds,112,7.0637,1.5649,7.1663,2500,833449,4611796992,96,32,721,208
32_preview_compounds,113,6.9793,1.6168,6.8366,2500,833449,4611801088,96,32,721,208
32_preview_compounds,114,6.8050,1.6324,7.0790,2528,1190945,4611801088,96,32,721,208
32_preview_compounds,115,7.7412,1.4513,7.7020,2500,833449,4611801088,96,32,721,208
32_preview_compounds,116,6.2875,1.5744,6.0071,2500,833449,4611801088,96,32,721,208
32_preview_compounds,117,7.4816,1.6667,7.6807,2500,833449,4611801088,96,32,721,208
32_preview_compounds,118,6.3187,1.6935,6.1772,2527,1190949,4611801088,96,32,721,208
32_preview_compounds,119,8.1496,1.6504,8.0382,2500,833449,4611801088,96,32,721,208
32_preview_compounds,120,5.6235,1.7526,5.7843,2500,833449,4611801088,96,32,721,208
32_preview_compounds,121,6.7429,1.5072,6.8877,2527,1190933,4611801088,96,32,721,208
32_preview_compounds,122,7.1577,1.6273,6.9119,2500,833449,4611801088,96,32,721,208
32_preview_compounds,123,7.6190,1.5124,7.8409,2501,833461,4611801088,96,32,721,208
32_preview_compounds,124,6.0190,1.5868,5.8833,2501,833461,4611866624,96,32,721,208
32_preview_compounds,125,8.3256,1.6196,8.2466,2527,1190949,4611866624,96,32,721,208
32_preview_compounds,126,5.9027,1.6548,5.9446,2500,833449,4611866624,96,32,721,208
32_preview_compounds,127,6.9161,1.8081,6.7449,2501,833461,4611866624,96,32,721,208
32_preview_compounds,128,6.9402,1.6308,7.0692,2527,1190933,4611866624,96,32,721,208
32_preview_compounds,129,7.9629,1.5596,8.0637,2500,833449,4611866624,96,32,721,208
32_preview_compounds,130,5.4892,1.5934,5.4645,2500,833449,4611866624,96,32,721,208
32_preview_compounds,131,6.7745,1.5457,6.8192,2500,833449,4611866624,96,32,721,208
32_preview_compounds,132,7.2377,1.6217,7.1844,2527,1190949,4611866624,96,32,721,208
32_preview_compounds,133,7.5848,1.6073,7.2433,2500,833449,4611870720,96,32,721,208
32_preview_compounds,134,6.8145,1.9975,6.8369,2500,833449,4611870720,96,32,721,208
32_preview_compounds,135,6.7028,1.7242,6.9650,2527,1190933,4611870720,96,32,721,208
32_preview_compounds,136,6.8051,1.5849,6.7892,2500,833449,4611870720,96,32,721,208
32_preview_compounds,137,6.7254,1.6823,6.5878,2501,833461,4611870720,96,32,721,208
32_preview_compounds,138,6.9819,1.8165,6.9939,2500,833449,4611940352,96,32,721,208
32_preview_compounds,139,6.7947,1.6734,6.9128,2527,1190949,4607811584,96,32,721,208
32_preview_compounds,140,7.6607,1.4829,7.7220,2500,833449,4607811584,96,32,721,208
32_preview_compounds,141,6.5169,1.5218,6.5995,2500,833449,4607811584,96,32,721,208
32_preview_compounds,142,7.0411,1.7190,6.7025,2527,1190933,4607815680,96,32,721,208
32_preview_compounds,143,6.5519,1.5864,6.7576,2502,833473,4607815680,96,32,721,208
32_preview_compounds,144,7.0139,1.4864,7.0719,2500,833449,4607815680,96,32,721,208
32_preview_compounds,145,7.0535,1.5228,6.9818,2501,833461,4607815680,96,32,721,208
32_preview_compounds,146,7.9534,1.6748,7.7311,2527,1190949,4607815680,96,32,721,208
32_preview_compounds,147,6.8617,1.7914,7.0138,2500,833449,4607819776,96,32,721,208
32_preview_compounds,148,6.6024,1.5959,6.6175,2501,833461,4607819776,96,32,721,208
32_preview_compounds,149,6.2095,1.5827,6.2248,2527,1190933,4607819776,96,32,721,208
32_preview_compounds,150,6.3115,1.4671,6.4709,2500,833449,4607819776,96,32,721,208
32_preview_compounds,151,7.3634,1.5211,7.1273,2500,833449,4607819776,96,32,721,208
32_preview_compounds,152,6.7264,1.6055,6.6615,2500,833449,4607819776,96,32,721,208
32_preview_compounds,153,7.2198,1.6596,7.2765,2527,1190949,4607819776,96,32,721,208
32_preview_compounds,154,6.7622,1.5166,6.7532,2500,833449,4607819776,96,32,721,208
32_preview_compounds,155,8.3113,1.7136,7.8943,2527,1190933,4607819776,96,32,721,208
32_preview_compounds,156,5.1084,1.9615,5.6860,2527,1190933,4607819776,96,32,721,208
32_preview_compounds,157,7.7956,1.3936,7.7929,2500,833449,4607819776,96,32,721,208
32_preview_compounds,158,6.0826,1.5126,5.9220,2500,833449,4607819776,96,32,721,208
32_preview_compounds,159,7.0842,1.5961,7.2154,2500,833449,4607819776,96,32,721,208
32_preview_compounds,160,6.7886,1.4973,6.7747,2527,1190949,4607819776,96,32,721,208
32_preview_compounds,161,7.5525,1.5440,7.1112,2500,833449,4607827968,96,32,721,208
32_preview_compounds,162,6.4810,1.8818,6.6042,2500,833449,4607827968,96,32,721,208
32_preview_compounds,163,6.9864,1.8710,6.8450,2527,1190933,4607827968,96,32,721,208
32_preview_compounds,164,7.7666,1.9264,7.8885,2500,833449,4607827968,96,32,721,208
32_preview_compounds,165,7.3027,1.7327,7.2815,2500,833449,4607827968,96,32,721,208
32_preview_compounds,166,6.7721,1.7998,6.9671,2500,833449,4607827968,96,32,721,208
32_preview_compounds,167,6.7708,1.6473,6.6741,2527,1190949,4607827968,96,32,721,208
32_preview_compounds,168,5.7849,1.4923,6.0066,2500,833449,4607827968,96,32,721,208
32_preview_compounds,169,6.8160,1.4878,6.7610,2500,833449,4607827968,96,32,721,208
32_preview_compounds,170,7.3726,1.6009,7.1567,2527,1190933,4607827968,96,32,721,208
32_preview_compounds,171,6.4515,1.5636,6.7634,2500,833449,4607827968,96,32,721,208
32_preview_compounds,172,7.1503,1.4959,6.9288,2500,833449,4607827968,96,32,721,208
32_preview_compounds,173,8.8369,1.6660,8.3107,2527,1190949,4607827968,96,32,721,208
32_preview_compounds,174,5.5426,2.0740,6.0242,2527,1190949,4607827968,96,32,721,208
32_preview_compounds,175,6.3048,1.5869,6.3738,2500,833449,4607827968,96,32,721,208
32_preview_compounds,176,6.9141,1.7102,6.7917,2500,833449,4607827968,96,32,721,208
32_preview_compounds,177,7.2581,1.7190,7.3177,2527,1190933,4607832064,96,32,721,208
32_preview_compounds,178,7.3709,1.4728,7.4133,2501,833461,4607860736,96,32,721,208
32_preview_compounds,179,6.9572,1.7583,6.4551,2500,833449,4607860736,96,32,721,208
32_preview_compounds,180,6.4141,2.0341,6.7447,2500,833449,4607860736,96,32,721,208
