"Path","Hash"
"comparison.html","072FFF6E02FF73239AE440A9ED099D4CE81A47301A635F108CF1B9C99BE36D6F"
"EVALUATION.md","EF194BBC208B8B70FD4DC0E6C05DA3BEF104D099271EE7FB51CABA10C8EB1D7D"
"ITERATIONS.md","91A75B5311DB506BC3B5A4B2EEB2462217831F293E04A20993ABE2A385B1F348"
"MATERIAL_ASSESSMENT.md","AB8E10ABE7E1AD28B87A9D63A8AB000147369871269137FEB83CB271D133BE4D"
"PROVENANCE.md","07B01955BEE288FA55ED7F3264F5FDE5AEE223D07B5A699CA5E18E4A113FBE31"
"README.md","01E4A6DD998B490C04D5139AC1158559B196018F505FB536E32C8E1D949ED72E"
"reference_manifest.csv","870C2FE45AA9ED966BD825FF14C00F3F37392213D09A2DC2F9556736EDA83A74"
"Evidence\clean-fbx-detail.png","35BDE162FAA165F3345DAB713E5149E063B06B7DB6C153F29BB894298696F751"
"Evidence\clean-fbx.json","1C026F228271DB11EBA6310546230D4A3B129FBCCC3AB4AAB52CECE5BDA1C987"
"Evidence\clean-fbx.png","B4DD4B00E6D84510C668A781968AAE554B7DE968463EA64D6787BAE8316AE610"
"Evidence\clean-glb-detail.png","B5B90B9E9D4E03E19114A5189ED0A438C931277FF45B9B6516EB9B8BDF58CFDC"
"Evidence\clean-glb.json","069B5DE564A9481F2336A7EB7C101FD20114C642CBFAA55E64F55B6A17C55306"
"Evidence\clean-glb.png","7F03FF14D5F7FF4BF22169B8FD86BF45E756EF3B621FFD2D366DD1DE6D7F6138"
"Evidence\geometry-audit.json","68CDDA92E5B90C06E1A55E4BECC17301D4FD5737FE00B681620CBED4FBEB3BD2"
"Evidence\malthouse-turntable.mp4","12EABAEBF80ED514715EDDCF318F13CB09E01FB8376FB2FD7CCF34D859E11E68"
"Evidence\material-inventory.json","75E55E52E86DA9036865B2143C0E274EF210B36A24BB645EE7E9CBD7F8076578"
"Evidence\r0-hero.png","D3FD0370C64C914275B4D45DFB75514FC864263BE408C47C0BAE0909A89F496F"
"Evidence\r4-courtyard.png","A1133B5CF33C2FF03233D8EEA066A4293F074C5C305F05C24B6BE321E4ACFD62"
"Evidence\r4-door-detail.png","2D02D3FDFE3666D5EBF90AF6EA03EDE0DB93DC027F2061548E53278AC0125225"
"Evidence\r4-hero.png","177DF769DC63DBAACBD1719FFCDE46B23A1B82522C9F62A84DB191E8C95FC178"
"Evidence\r4-rear.png","D05154E39C3D63B1EB3B41C04AA9A37277417CE34995227D086765FC16231BFF"
"Evidence\r4-roof-detail.png","3DD6855F7378B5A881457B3AD2ECC8D84405DD20B5045686CFA564A413E5AB12"
"Evidence\source-reopen-audit.json","A68560D4C12FFFD986B3375522D94EBB0BA9A709EB5CDCA49E1645968BBC409A"
"Evidence\unreal-courtyard.png","6B1206279350B77F70428B6CC390EAAC3BC7D8C2650B36AE31AF76029D530256"
"Evidence\unreal-detail.png","1AE44F868CE3C7F568E52AD787BCE7E74B4297B5322E420A73A75DF355ED815E"
"Evidence\unreal-distance.png","76CD3E91D423E6C602DF8A148F8062F630876EC107C259C1D66EA02F651F82B6"
"Evidence\unreal-hero.png","902BD3B5937F399D0F5F77A68B1D7B580FDE10482F1416D9B0CD9CE1D98B5F6B"
"Model\HansaMaltHouse.blend","037E92C602B8A6CAF16B2F68A0E5DD4B055F00AB34F62DF75BF03A6C03FEB128"
"Model\SM_HansaMaltHouse.fbx","D59A9328E63D55C8ACA1B6B7402D8C1E59798526BA4E0576B443E6D007FCBC60"
"Model\SM_HansaMaltHouse.glb","C51C1E47E6C3565EF511C4C6184D888FCCFEF2DC993C0F3897F081863B3BC2CA"
"Model\Textures\T_MaltHouse_Brick_BaseColor.png","3E5C1F42A102EF5E93A38F7A8265F41765609FB94D9C32E686D0F3C01A719D3B"
"Model\Textures\T_MaltHouse_Brick_NormalGL.png","6D092890C94EA35241DB0AE9EAC1A34EDE9CC52E527A3B2BB333EE8715AD4E3D"
"Model\Textures\T_MaltHouse_Brick_Roughness.png","D6540D45CE8C966EBC36C91036748E4AF2E08994466F2FB6C5CFD5934FADA29F"
"Model\Textures\T_MaltHouse_Clay_BaseColor.png","A63C3B9794F9BD8E99973044DDC54D019933EDF67D082B6EB147BFAC083C3428"
"Model\Textures\T_MaltHouse_Clay_NormalGL.png","6D092890C94EA35241DB0AE9EAC1A34EDE9CC52E527A3B2BB333EE8715AD4E3D"
"Model\Textures\T_MaltHouse_Clay_Roughness.png","B37BACD4BE13E1733EE63063D7D63A6B91B7EC25D150A99FF778129CED927322"
"Model\Textures\T_MaltHouse_Iron_BaseColor.png","F2571F8BAB42ECB38E7BD2B9937B9E6B460C2522FAA699ECFB4E58F007CA6BE2"
"Model\Textures\T_MaltHouse_Iron_NormalGL.png","6D092890C94EA35241DB0AE9EAC1A34EDE9CC52E527A3B2BB333EE8715AD4E3D"
"Model\Textures\T_MaltHouse_Iron_Roughness.png","434577563C7D5013F19A423A491062E7B3F7282ECC75220A8F6897EAF8AA2F02"
"Model\Textures\T_MaltHouse_Mortar_BaseColor.png","2D601FDEC38A010E1309DB6FBF260D363245C9E99670EC1FAC309D527D4F6CAB"
"Model\Textures\T_MaltHouse_Mortar_NormalGL.png","6D092890C94EA35241DB0AE9EAC1A34EDE9CC52E527A3B2BB333EE8715AD4E3D"
"Model\Textures\T_MaltHouse_Mortar_Roughness.png","2C5BE3B14DCEA71A23034B6D5DF79B6FEFA6FEA0BF219B75C489E7D4E94D0661"
"Model\Textures\T_MaltHouse_Oak_BaseColor.png","F51C1DA71AB705ED9D14F4767B7F468F0C177BE902FE2138DC0806F50E53E513"
"Model\Textures\T_MaltHouse_Oak_NormalGL.png","0A7B894CB5D18EEBC3E45B291647CF9F3FB78D4D5D3AA08915E2F7AD076C015D"
"Model\Textures\T_MaltHouse_Oak_Roughness.png","DCF8C9F96C34B58787DE304C70B00DA1D4B120C09639603FAC54B7CD1F37FEB7"
"Model\Textures\T_MaltHouse_Recess_BaseColor.png","F227F4B88DCB5FE8D77A5E4856F059806D164EDDB67ADBD43671A151325FF6CB"
"Model\Textures\T_MaltHouse_Recess_NormalGL.png","6D092890C94EA35241DB0AE9EAC1A34EDE9CC52E527A3B2BB333EE8715AD4E3D"
"Model\Textures\T_MaltHouse_Recess_Roughness.png","03E5A7569B7AC255FA11001AA0C1D4E573034FF7CE1C405347752EE08F8A2D1F"
"Model\Textures\T_MaltHouse_Sacking_BaseColor.png","A709AAE5730EC37F5115A76C97A5E1219150E8BF76379C0C4AD7E1D2B8263F2C"
"Model\Textures\T_MaltHouse_Sacking_NormalGL.png","E83753095C4CBFF57C213D0362D698DB09E22DF7231C46EA5DE27A44315D8A20"
"Model\Textures\T_MaltHouse_Sacking_Roughness.png","6810915EBB24BCFBCC6434A7F6AB5C231FA3D9CCBB317817FEF2D1870E9EF9B4"
"Scripts\audit_delivered.py","CA62C059F7AD18D2E285413096FB9271BE00D03EA39C91780EDE7D6EE51F7847"
"Scripts\bake_export.py","45C840831BFC78B48D2A17C0B6ED081BE5BDA24119381F4FC8D221A075DFB679"
"Scripts\bake_pow2.py","3EBF09F9B0C899F2B2D8FF9BD8A6ADCE61F0806E373095617070EC20EEB4F638"
"Scripts\build_malthouse.py","5449FB7F46C65542A1314DDACFCA20D77FACF5F844A9AD085EE426F1378E0EB0"
"Scripts\finish_export_final.py","A1BFB0D3AC0A5402208D79BE535E74CB5A40F5EE492FDCAC0515908F2340E1EE"
"Scripts\finish_export_v2.py","C197BBDD4901C8D0628BC7C0A4900F8DFCE05520C2BCC9E93BCB736A449E53E1"
"Scripts\finish_export.py","DBDB20111CB456818A57BCBDBE74F27728876D9A18DB7BF7A1740831B6D15F09"
"Scripts\revise_1.py","3345336EBAF629D81A2F9C2B6456CE46BD0330F24C1615F8182A99ACCB66502A"
"Scripts\revise_2.py","37D381D7157D6B1AA3E47E64BA385AE459E167FC91CB799DD098D52B1BFDF02B"
"Scripts\revise_3.py","0E45815F3BF431D44445F48093B1FDCA75B1D728A5708CC5C0A08B50E17CC84D"
"Scripts\revise_4.py","D8F5701AD2B4ABDD5400ACF45D5790ADBBC1AD599E13BEB12BA85BAC13D38444"
"Scripts\turntable.py","9A5940EAA9542C3ED5F51C573DC142D73C63C299897084F0D61537B6B7741E94"
"Scripts\verify_exports.py","2F0683962D4D7CDF0F215CD32837189AF8AFF829A01EDD5ED6B5BC49397CECAE"
"TextureSources\malthouse--brick-face--basecolor--1254x1254--v1.png","0C56F0705F5CCE19879EF37A022BAF23C81766B67FAED29D992463FD9DBB14E4"
"TextureSources\malthouse--brick-face--basecolor--1254x1254--v1.prompt.md","FA679FDD196CFF427C07D7DC8A0CA15C08DDF5D3CFF545A09E83DAC4D92B0D75"
"TextureSources\malthouse--clay-face--basecolor--1254x1254--v1.png","AA10B8AE8C67DDA6F96D505E9BAF1AE55138019EE49113DDEFC705C31F7BB7F2"
"TextureSources\malthouse--clay-face--basecolor--1254x1254--v1.prompt.md","F94549D24E16C0EBEC4200CE4F7F06F46827B2A2DC403B67F5F7B3EDF901A867"
"TextureSources\malthouse--oak--basecolor--1254x1254--v1.png","AD2918BAD5D953C872B33A3E4A7C19724AE4ABAE1994E3279D8471225C9E9799"
"TextureSources\malthouse--oak--basecolor--1254x1254--v1.prompt.md","B25ED18F3ECD157D2E3886AE8375A615BE8ECE9208C67C8F2CFB910B701E6F7A"
