tick,day,residents,satisfaction,firewoodRaw,householdDailyRaw,protectedRaw,surplusRaw,yardCycles,yardBlocker,breadRaw
24,1,50,9500,19950,0,0,19900,0,None,48000
48,2,50,9500,19900,0,0,19850,0,None,51000
72,3,50,9500,19850,0,0,19850,0,None,54000
96,4,50,9500,19800,0,0,19800,0,None,57000
120,5,50,9500,25200,0,0,25200,1,None,45000
144,6,50,9500,25200,0,0,25200,1,None,33000
168,7,50,9500,25150,0,0,25150,1,None,36000
192,8,50,9500,25100,0,0,25100,1,None,39000
216,9,50,9500,25050,0,0,25050,2,MissingInput,42000
240,10,50,9500,30450,0,0,30450,2,None,30000
264,11,50,9500,30400,0,0,30400,2,None,33000
288,12,50,9500,30350,0,0,30350,2,None,36000
312,13,50,9500,30300,0,0,30300,2,None,24000
336,14,50,9500,35700,0,0,35700,3,None,27000
360,15,50,9500,35650,0,0,35650,3,None,30000
384,16,50,9500,35600,0,0,35600,3,None,33000
408,17,50,9500,35550,0,0,35550,3,None,31000
432,18,50,9500,35550,0,0,35550,4,MissingInput,24000
456,19,50,9500,40950,0,0,40950,4,None,12000
480,20,50,9500,40900,0,0,40900,4,None,15000
504,21,50,9500,40850,0,0,40850,4,None,18000
528,22,50,9500,40800,0,0,40800,4,None,21000
552,23,50,9500,46200,0,0,46200,5,None,9000
576,24,50,3500,46200,0,0,46200,5,None,0
600,25,50,9500,46150,0,0,46150,5,None,5500
624,26,50,9500,46100,0,0,46100,5,None,11000
648,27,50,9500,46050,0,0,46050,6,MissingInput,14000
672,28,50,9500,51450,0,0,51450,6,None,2000
696,29,50,9500,51400,0,0,51400,6,None,9500
720,30,50,9500,51350,0,0,51350,6,None,12500
744,31,50,9500,51300,0,0,51300,6,None,15500
768,32,50,9500,56700,0,0,56700,7,None,3500
792,33,50,3500,56650,0,0,56650,7,None,0
816,34,50,9500,56600,0,0,56600,7,None,3500
840,35,50,9500,56550,0,0,56550,7,None,6500
864,36,50,9500,61950,0,0,61950,8,None,9500
888,37,50,3500,61950,0,0,61900,8,None,0
912,38,50,9500,61900,0,0,61900,8,None,4000
936,39,50,9500,61850,0,0,61850,8,None,7000
960,40,50,9500,61800,0,0,61800,9,None,10000
984,41,50,3500,67200,0,0,67200,9,None,0
1008,42,50,9500,67150,0,0,67150,9,None,13000
1032,43,50,9500,67100,0,0,67100,9,None,1000
1056,44,50,9500,67100,0,0,67100,9,None,6000
1080,45,50,9500,72450,0,0,72450,10,None,9000
1104,46,50,3500,72450,0,0,72450,10,None,0
1128,47,50,9500,72400,0,0,72400,10,None,11500
1152,48,50,3500,72350,0,0,72350,10,None,0
1176,49,50,9500,72350,0,0,72350,11,MissingInput,6000
1200,50,50,9500,77700,0,0,77700,11,None,9000
1224,51,50,3500,77700,0,0,77700,11,None,0
1248,52,50,9500,77650,0,0,77650,11,None,4500
1272,53,50,9500,77600,0,0,77600,11,None,7500
1296,54,50,9500,82950,0,0,82950,12,None,10500
1320,55,50,3500,82950,0,0,82950,12,None,0
1344,56,50,9500,82900,0,0,82900,12,None,9500
1368,57,50,9500,82850,0,0,82850,12,None,12500
1392,58,50,9500,82800,0,0,82800,13,None,15500
1416,59,50,9500,88200,0,0,88200,13,None,3500
1440,60,50,9500,88150,0,0,88150,13,None,10500
1464,61,50,9500,88100,0,0,88100,13,None,13500
1488,62,50,9500,88050,0,0,88050,13,None,16500
1512,63,50,9500,93450,0,0,93450,14,None,4500
1536,64,50,3500,93450,0,0,93450,14,None,0
1560,65,50,9500,93400,0,0,93400,14,None,6000
1584,66,50,9500,93350,0,0,93350,14,None,9000
1608,67,50,9500,98700,0,0,98700,15,None,13500
1632,68,50,9500,98700,0,0,98700,15,None,1500
1656,69,50,3500,98700,0,0,98700,15,None,0
1680,70,50,9500,98650,0,0,98650,15,None,7000
1704,71,50,9500,98600,0,0,98600,16,MissingInput,12000
1728,72,50,9500,103950,0,0,103950,16,None,15000
1752,73,50,9500,103950,0,0,103950,16,None,3000
1776,74,50,9500,103900,0,0,103900,16,None,10500
1800,75,50,9500,103850,0,0,103850,16,None,13500
1824,76,50,9500,109200,0,0,109200,17,None,16500
1848,77,50,9500,109200,0,0,109200,17,None,4500
1872,78,50,3500,109150,0,0,109150,17,None,0
1896,79,50,9500,109100,0,0,109100,17,None,3500
1920,80,50,9500,109050,0,0,109050,18,MissingInput,6500
1944,81,50,9500,114450,0,0,114450,18,None,9500
1968,82,50,3500,114450,0,0,114450,18,None,0
1992,83,50,9500,114400,0,0,114400,18,None,4500
2016,84,50,9500,114350,0,0,114350,18,None,7500
2040,85,50,9500,119700,0,0,119700,19,None,10500
2064,86,50,3500,119700,0,0,119700,19,None,0
2088,87,50,9500,119650,0,0,119650,19,None,12500
2112,88,50,9500,119600,0,0,119600,19,None,500
2136,89,50,9500,125000,0,0,125000,20,None,5000
2160,90,50,9642,124930,480,1440,123490,20,None,8000
2184,91,50,5357,124400,480,1440,122960,20,None,0
2208,92,50,9642,123920,480,1440,122480,20,None,3500
2232,93,50,9642,123390,480,1440,121950,21,None,6500
2256,94,50,9642,128260,480,1440,126820,21,None,9500
2280,95,50,5357,127780,480,1440,126340,21,None,0
2304,96,50,9642,127250,480,1440,125810,21,None,9500
2328,97,50,9642,126720,480,1440,125280,21,None,12500
2352,98,50,9642,131590,480,1440,130150,22,None,15500
2376,99,50,9642,131110,480,1440,129670,22,None,3500
2400,100,50,9642,130580,480,1440,129140,22,None,10500
2424,101,50,9642,130050,480,1440,128610,22,None,13500
2448,102,50,9642,129520,480,1440,128080,23,MissingInput,16500
2472,103,50,9642,134440,480,1440,133000,23,None,4500
2496,104,50,5357,133960,480,1440,132520,23,None,0
2520,105,50,9642,133430,480,1440,131990,23,None,5500
2544,106,50,9642,132900,480,1440,131460,23,None,12000
2568,107,50,9642,137770,480,1440,136330,24,None,15000
2592,108,50,9642,137290,480,1440,135850,24,None,3000
2616,109,50,9642,136760,480,1440,135320,24,None,10500
2640,110,50,9642,136230,480,1440,134790,24,None,13500
2664,111,50,9642,135700,480,1440,134260,25,MissingInput,16500
2688,112,50,9642,140620,480,1440,139180,25,None,4500
2712,113,50,5357,140090,480,1440,138650,25,None,0
2736,114,50,9642,139610,480,1440,138120,25,None,4000
2760,115,50,9642,139080,480,1440,137590,25,None,7000
2784,116,50,9642,143950,480,1440,142510,26,None,10000
2808,117,50,5357,143470,480,1440,142030,26,None,0
2832,118,50,9642,142940,480,1440,141500,26,None,4500
2856,119,50,9642,142410,480,1440,140970,26,None,7500
2880,120,50,9642,147280,480,1440,145840,27,None,10500
2904,121,50,5357,146800,480,1440,145360,27,None,0
2928,122,50,9642,146270,480,1440,144830,27,None,11500
2952,123,50,5357,145740,480,1440,144300,27,None,0
2976,124,50,9642,145260,480,1440,143820,27,None,6000
3000,125,50,9642,150130,480,1440,148690,28,None,9000
3024,126,50,5357,149650,480,1440,148210,28,None,0
3048,127,50,9642,149120,480,1440,147680,28,None,5500
3072,128,50,9642,148590,480,1440,147150,28,None,8500
3096,129,50,9642,153460,480,1440,152020,29,None,11500
3120,130,50,5357,152980,480,1440,151540,29,None,0
3144,131,50,9642,152450,480,1440,151010,29,None,9500
3168,132,50,9642,151920,480,1440,150480,29,None,12500
3192,133,50,9642,151390,480,1440,149950,30,MissingInput,15500
3216,134,50,9642,156310,480,1440,154870,30,None,3500
3240,135,50,9642,155780,480,1440,154340,30,None,10500
3264,136,50,9642,155250,480,1440,153810,30,None,13500
3288,137,50,9642,154720,480,1440,153280,30,None,16500
3312,138,50,9642,159640,480,1440,158200,31,None,4500
3336,139,50,5357,159160,480,1440,157720,31,None,0
3360,140,50,9642,158630,480,1440,157190,31,None,5500
3384,141,50,9642,158100,480,1440,156660,31,None,9000
3408,142,50,9642,157570,480,1440,156130,32,MissingInput,12000
3432,143,50,9642,162490,480,1440,161050,32,None,0
3456,144,50,5357,162010,480,1440,160570,32,None,0
3480,145,50,9642,161480,480,1440,160040,32,None,5500
3504,146,50,9642,160950,480,1440,159510,32,None,12000
3528,147,50,9642,165820,480,1440,164380,33,None,15000
3552,148,50,9642,165340,480,1440,163900,33,None,3000
3576,149,50,9642,164810,480,1440,163370,33,None,10500
3600,150,50,9642,164280,480,1440,162840,33,None,13500
3624,151,50,9642,169150,480,1440,167710,34,None,16500
3648,152,50,9642,168670,480,1440,167230,34,None,4500
3672,153,50,5357,168140,480,1440,166700,34,None,0
3696,154,50,9642,167610,480,1440,166170,34,None,3500
3720,155,50,9642,167080,480,1440,165640,35,None,6500
3744,156,50,9642,172000,480,1440,170560,35,None,9500
3768,157,50,5357,171520,480,1440,170080,35,None,0
3792,158,50,9642,170990,480,1440,169550,35,None,4500
3816,159,50,9642,170460,480,1440,169020,35,None,7500
3840,160,50,9642,175330,480,1440,173890,36,None,10500
3864,161,50,5357,174850,480,1440,173410,36,None,0
3888,162,50,9642,174320,480,1440,172880,36,None,11500
3912,163,50,5357,173790,480,1440,172350,36,None,0
3936,164,50,9642,173310,480,1440,171870,37,MissingInput,5000
3960,165,50,9642,178180,480,1440,176740,37,None,8000
3984,166,50,5357,177650,480,1440,176210,37,None,0
4008,167,50,9642,177170,480,1440,175730,37,None,3500
4032,168,50,9642,176640,480,1440,175200,37,None,6500
4056,169,50,9642,181510,480,1440,180070,38,None,9500
4080,170,50,5357,181030,480,1440,179590,38,None,0
4104,171,50,9642,180500,480,1440,179060,38,None,9500
4128,172,50,9642,179970,480,1440,178530,38,None,12500
4152,173,50,9642,179440,480,1440,178000,39,MissingInput,15500
4176,174,50,9642,184360,480,1440,182920,39,None,3500
4200,175,50,9642,183830,480,1440,182390,39,None,9500
4224,176,50,9642,183300,480,1440,181860,39,None,12500
4248,177,50,9642,182770,480,1440,181330,39,None,15500
4272,178,50,9642,187690,480,1440,186250,40,None,3500
4296,179,50,5357,187210,480,1440,185770,40,None,0
4320,180,50,9642,186650,1200,3600,183050,40,None,5500
4344,181,50,9642,185400,1200,3600,181800,40,None,12000
4368,182,50,9642,184150,1200,3600,180550,41,MissingInput,15000
4392,183,50,9642,188350,1200,3600,184750,41,None,3000
4416,184,50,9642,187100,1200,3600,183500,41,None,10500
4440,185,50,9642,185850,1200,3600,182250,41,None,13500
4464,186,50,9642,184600,1200,3600,181000,41,None,16500
4488,187,50,9642,188800,1200,3600,185200,42,None,4500
4512,188,50,5357,187550,1200,3600,183950,42,None,0
4536,189,50,9642,186350,1200,3600,182700,42,None,4000
4560,190,50,9642,185100,1200,3600,181450,42,None,7000
4584,191,50,9642,189250,1200,3600,185650,43,None,10000
4608,192,50,5357,188050,1200,3600,184450,43,None,0
4632,193,50,9642,186800,1200,3600,183200,43,None,4500
4656,194,50,9642,185550,1200,3600,181950,43,None,7500
4680,195,50,9642,184300,1200,3600,180700,44,None,10500
4704,196,50,5357,188500,1200,3600,184900,44,None,0
4728,197,50,9642,187250,1200,3600,183650,44,None,13000
4752,198,50,9642,186000,1200,3600,182400,44,None,1000
4776,199,50,9642,184800,1200,3600,181200,44,None,6000
4800,200,50,9642,188950,1200,3600,185350,45,Inactive,9000
4824,201,50,5357,187750,1200,3600,184150,45,Inactive,0
4848,202,50,9642,186500,1200,3600,182900,45,Inactive,11500
4872,203,50,5357,185250,1200,3600,181650,45,Inactive,0
4896,204,50,9642,184050,1200,3600,180450,45,Inactive,6000
4920,205,50,9642,182800,1200,3600,179200,45,Inactive,9000
4944,206,50,5357,181600,1200,3600,178000,45,Inactive,0
4968,207,50,9642,180350,1200,3600,176750,45,None,4500
4992,208,50,9642,179100,1200,3600,175500,45,None,7500
5016,209,50,9642,177850,1200,3600,174250,45,None,10500
5040,210,50,5357,176650,1200,3600,173050,45,None,0
5064,211,50,9642,175400,1200,3600,171800,46,MissingInput,9500
5088,212,50,9642,179550,1200,3600,175950,46,None,12500
5112,213,50,9642,178300,1200,3600,174700,46,None,15500
5136,214,50,9642,177100,1200,3600,173500,46,None,3500
5160,215,50,9642,175850,1200,3600,172250,46,None,10500
5184,216,50,9642,180000,1200,3600,176400,47,None,13500
5208,217,50,9642,178750,1200,3600,175150,47,None,11500
5232,218,50,9642,177550,1200,3600,173950,47,None,4500
5256,219,50,5357,176350,1200,3600,172750,47,None,0
5280,220,50,9642,175100,1200,3600,171500,48,MissingInput,5500
5304,221,50,9642,179250,1200,3600,175650,48,None,12000
5328,222,50,9642,178000,1200,3600,174400,48,None,15000
5352,223,50,9642,176800,1200,3600,173200,48,None,3000
5376,224,50,9642,175550,1200,3600,171950,48,None,10500
5400,225,50,9642,179700,1200,3600,176100,49,None,13500
5424,226,50,9642,178450,1200,3600,174850,49,None,16500
5448,227,50,9642,177250,1200,3600,173650,49,None,4500
5472,228,50,5357,176000,1200,3600,172400,49,None,0
5496,229,50,9642,180150,1200,3600,176550,50,None,3500
5520,230,50,9642,178950,1200,3600,175350,50,None,6500
5544,231,50,9642,177700,1200,3600,174100,50,None,9500
5568,232,50,5357,176500,1200,3600,172900,50,None,0
5592,233,50,9642,175250,1200,3600,171650,51,None,9000
5616,234,50,9642,179400,1200,3600,175800,51,None,12000
5640,235,50,9642,178150,1200,3600,174550,51,None,15000
5664,236,50,9642,176950,1200,3600,173350,51,None,3000
5688,237,50,9642,175700,1200,3600,172100,51,None,11500
5712,238,50,5357,179850,1200,3600,176250,52,None,0
5736,239,50,9642,178650,1200,3600,175050,52,None,7000
5760,240,50,9642,177400,1200,3600,173800,52,None,10000
5784,241,50,5357,176200,1200,3600,172600,52,None,0
5808,242,50,9642,174950,1200,3600,171350,53,MissingInput,4500
5832,243,50,9642,179100,1200,3600,175500,53,None,7500
5856,244,50,9642,177850,1200,3600,174250,53,None,10500
5880,245,50,5357,176650,1200,3600,173050,53,None,0
5904,246,50,9642,175400,1200,3600,171800,53,None,9500
5928,247,50,9642,179550,1200,3600,175950,54,None,12500
5952,248,50,9642,178300,1200,3600,174700,54,None,500
5976,249,50,9642,177100,1200,3600,173500,54,None,3500
6000,250,50,9642,175850,1200,3600,172250,54,None,8500
6024,251,50,9642,180000,1200,3600,176400,55,None,1500
6048,252,50,9642,178800,1200,3600,175200,55,None,4500
6072,253,50,9642,177550,1200,3600,173950,55,None,7500
6096,254,50,5357,176350,1200,3600,172750,55,None,0
6120,255,50,9642,175100,1200,3600,171500,55,None,7000
6144,256,50,9642,179250,1200,3600,175650,56,None,11500
6168,257,50,9642,178000,1200,3600,174400,56,None,9500
6192,258,50,9642,176800,1200,3600,173200,56,None,2500
6216,259,50,5357,175600,1200,3600,172000,56,None,0
6240,260,50,9642,174350,1200,3600,170750,57,MissingInput,5500
6264,261,50,9642,178500,1200,3600,174900,57,None,12000
6288,262,50,9642,177250,1200,3600,173650,57,None,15000
6312,263,50,9642,176050,1200,3600,172450,57,None,3000
6336,264,50,9642,174800,1200,3600,171200,57,None,10500
6360,265,50,9642,178950,1200,3600,175350,58,None,13500
6384,266,50,9642,177700,1200,3600,174100,58,None,16500
6408,267,50,9642,176500,1200,3600,172900,58,None,4500
6432,268,50,5357,175250,1200,3600,171650,58,None,0
6456,269,50,9642,179400,1200,3600,175800,59,None,3500
6480,270,50,9642,178230,480,1440,176790,59,None,6500
6504,271,50,9642,177700,480,1440,176260,59,None,9500
6528,272,50,5357,177220,480,1440,175780,59,None,0
6552,273,50,9642,176690,480,1440,175250,60,None,9000
6576,274,50,9642,181560,480,1440,180120,60,None,12000
6600,275,50,9642,181030,480,1440,179590,60,None,15000
6624,276,50,9642,180550,480,1440,179110,60,None,3000
6648,277,50,9642,180020,480,1440,178580,60,None,12000
6672,278,50,9642,184890,480,1440,183450,61,None,0
6696,279,50,9642,184410,480,1440,182970,61,None,7500
6720,280,50,9642,183880,480,1440,182440,61,None,10500
6744,281,50,5357,183400,480,1440,181960,61,None,0
6768,282,50,9642,182870,480,1440,181430,62,MissingInput,11500
6792,283,50,5357,187740,480,1440,186300,62,None,0
6816,284,50,9642,187260,480,1440,185820,62,None,6000
6840,285,50,9642,186730,480,1440,185290,62,None,9000
6864,286,50,5357,186250,480,1440,184810,62,None,0
6888,287,50,9642,191120,480,1440,189680,63,None,4500
6912,288,50,9642,190590,480,1440,189150,63,None,7500
6936,289,50,9642,190060,480,1440,188620,63,None,10500
6960,290,50,5357,189580,480,1440,188140,63,None,0
6984,291,50,9642,194450,480,1440,193010,64,None,9500
7008,292,50,9642,193920,480,1440,192480,64,None,12500
7032,293,50,9642,193390,480,1440,191950,64,None,15500
7056,294,50,9642,192910,480,1440,191470,64,None,3500
7080,295,50,9642,192380,480,1440,190940,64,None,10500
7104,296,50,9642,197250,480,1440,195810,65,None,13500
7128,297,50,9642,196720,480,1440,195280,65,None,11500
7152,298,50,9642,196240,480,1440,194800,65,None,4500
7176,299,50,5357,195760,480,1440,194320,65,None,0
7200,300,50,9642,195230,480,1440,193790,66,MissingInput,5500
7224,301,50,9642,200100,480,1440,198660,66,None,11000
7248,302,50,9642,199570,480,1440,198130,66,None,14000
7272,303,50,9642,199090,480,1440,197650,66,None,2000
7296,304,50,9642,198560,480,1440,197120,66,None,9500
7320,305,50,9642,203430,480,1440,201990,67,None,12500
7344,306,50,9642,202900,480,1440,201460,67,None,15500
7368,307,50,9642,202420,480,1440,200980,67,None,3500
7392,308,50,5357,201890,480,1440,200450,67,None,0
7416,309,50,9642,206760,480,1440,205320,68,None,3500
7440,310,50,9642,206280,480,1440,204840,68,None,6500
7464,311,50,9642,205750,480,1440,204310,68,None,9500
7488,312,50,5357,205270,480,1440,203830,68,None,0
7512,313,50,9642,204740,480,1440,203300,69,None,9000
7536,314,50,9642,209610,480,1440,208170,69,None,12000
7560,315,50,9642,209080,480,1440,207640,69,None,15000
7584,316,50,9642,208600,480,1440,207160,69,None,3000
7608,317,50,9642,208070,480,1440,206630,69,None,11500
7632,318,50,5357,212940,480,1440,211500,70,None,0
7656,319,50,9642,212460,480,1440,211020,70,None,6500
7680,320,50,9642,211930,480,1440,210490,70,None,9500
7704,321,50,5357,211450,480,1440,210010,70,None,0
7728,322,50,9642,210920,480,1440,209480,71,MissingInput,6000
7752,323,50,9642,215790,480,1440,214350,71,None,9000
7776,324,50,9642,215260,480,1440,213820,71,None,12000
7800,325,50,9642,214780,480,1440,213340,71,None,0
7824,326,50,9642,214250,480,1440,212810,71,None,10000
7848,327,50,9642,219120,480,1440,217680,72,None,13000
7872,328,50,9642,218590,480,1440,217150,72,None,1000
7896,329,50,9642,218110,480,1440,216670,72,None,4000
7920,330,50,9642,217580,480,1440,216140,72,None,8500
7944,331,50,9642,222450,480,1440,221010,73,None,1500
7968,332,50,9642,221970,480,1440,220530,73,None,4500
7992,333,50,9642,221440,480,1440,220000,73,None,7500
8016,334,50,5357,220960,480,1440,219520,73,None,0
8040,335,50,9642,220430,480,1440,218990,73,None,7000
8064,336,50,9642,225300,480,1440,223860,74,None,11500
8088,337,50,9642,224770,480,1440,223330,74,None,9500
8112,338,50,9642,224290,480,1440,222850,74,None,2500
8136,339,50,5357,223810,480,1440,222370,74,None,0
8160,340,50,9642,223280,480,1440,221840,75,MissingInput,6000
8184,341,50,9642,228150,480,1440,226710,75,None,9000
8208,342,50,9642,227620,480,1440,226180,75,None,12000
8232,343,50,9642,227140,480,1440,225700,75,None,0
8256,344,50,5357,226660,480,1440,225220,75,None,0
8280,345,50,9642,231530,480,1440,230090,76,None,5500
8304,346,50,9642,231000,480,1440,229560,76,None,12000
8328,347,50,9642,230470,480,1440,229030,76,None,15000
8352,348,50,9642,229990,480,1440,228550,76,None,3000
8376,349,50,9642,234860,480,1440,233420,77,None,10500
8400,350,50,9642,234330,480,1440,232890,77,None,13500
8424,351,50,9642,233800,480,1440,232360,77,None,16500
8448,352,50,9642,233320,480,1440,231880,77,None,4500
8472,353,50,5357,232790,480,1440,231350,77,None,0
8496,354,50,9642,237660,480,1440,236220,78,None,3500
8520,355,50,9642,237130,480,1440,235690,78,None,6500
8544,356,50,9642,236650,480,1440,235210,78,None,9500
8568,357,50,5357,236170,480,1440,234730,78,None,0
8592,358,50,9642,241040,480,1440,239600,79,None,4500
8616,359,50,9642,240510,480,1440,239070,79,None,7500
8640,360,50,9500,240000,0,0,240000,79,None,10500
